year,commodity_x,feature_x,variable,value_bnn_1000_usd,value_bnn_1000_pounds,timestamp,feature_y,commodity_y,value_orng_1000_usd,value_orng_1000_pounds
2017,banana,dried bananas,Jan,1047.0,525.0,"Jan, 2017",fresh oranges,orange,4436.0,14504.0
2017,banana,dried bananas,Jan,1047.0,525.0,"Jan, 2017",orange juice,orange,82891.0,52970.0
2017,banana,dried bananas,Jan,1047.0,525.0,"Jan, 2017",preserved oranges,orange,1054.0,1161.0
2017,banana,dried bananas,Jan,1047.0,848217.0,"Jan, 2017",fresh oranges,orange,4436.0,14504.0
2017,banana,dried bananas,Jan,1047.0,848217.0,"Jan, 2017",orange juice,orange,82891.0,52970.0
2017,banana,dried bananas,Jan,1047.0,848217.0,"Jan, 2017",preserved oranges,orange,1054.0,1161.0
2017,banana,fresh bananas,Jan,169654.0,4344.0,"Jan, 2017",fresh oranges,orange,4436.0,14504.0
2017,banana,fresh bananas,Jan,169654.0,4344.0,"Jan, 2017",orange juice,orange,82891.0,52970.0
2017,banana,fresh bananas,Jan,169654.0,4344.0,"Jan, 2017",preserved oranges,orange,1054.0,1161.0
2017,banana,fresh bananas,Jan,169654.0,24468.0,"Jan, 2017",fresh oranges,orange,4436.0,14504.0
2017,banana,fresh bananas,Jan,169654.0,24468.0,"Jan, 2017",orange juice,orange,82891.0,52970.0
2017,banana,fresh bananas,Jan,169654.0,24468.0,"Jan, 2017",preserved oranges,orange,1054.0,1161.0
2016,banana,dried bananas,Jan,559.0,203.0,"Jan, 2016",fresh oranges,orange,2444.0,12385.0
2016,banana,dried bananas,Jan,559.0,203.0,"Jan, 2016",orange juice,orange,79315.0,47110.0
2016,banana,dried bananas,Jan,559.0,203.0,"Jan, 2016",preserved oranges,orange,998.0,1153.0
2016,banana,dried bananas,Jan,559.0,788484.0,"Jan, 2016",fresh oranges,orange,2444.0,12385.0
2016,banana,dried bananas,Jan,559.0,788484.0,"Jan, 2016",orange juice,orange,79315.0,47110.0
2016,banana,dried bananas,Jan,559.0,788484.0,"Jan, 2016",preserved oranges,orange,998.0,1153.0
2016,banana,fresh bananas,Jan,158708.0,2215.0,"Jan, 2016",fresh oranges,orange,2444.0,12385.0
2016,banana,fresh bananas,Jan,158708.0,2215.0,"Jan, 2016",orange juice,orange,79315.0,47110.0
2016,banana,fresh bananas,Jan,158708.0,2215.0,"Jan, 2016",preserved oranges,orange,998.0,1153.0
2016,banana,fresh bananas,Jan,158708.0,19189.0,"Jan, 2016",fresh oranges,orange,2444.0,12385.0
2016,banana,fresh bananas,Jan,158708.0,19189.0,"Jan, 2016",orange juice,orange,79315.0,47110.0
2016,banana,fresh bananas,Jan,158708.0,19189.0,"Jan, 2016",preserved oranges,orange,998.0,1153.0
2015,banana,dried bananas,Jan,627.0,301.0,"Jan, 2015",fresh oranges,orange,2575.0,12935.0
2015,banana,dried bananas,Jan,627.0,301.0,"Jan, 2015",orange juice,orange,37113.0,26280.0
2015,banana,dried bananas,Jan,627.0,301.0,"Jan, 2015",preserved oranges,orange,491.0,365.0
2015,banana,dried bananas,Jan,627.0,772765.0,"Jan, 2015",fresh oranges,orange,2575.0,12935.0
2015,banana,dried bananas,Jan,627.0,772765.0,"Jan, 2015",orange juice,orange,37113.0,26280.0
2015,banana,dried bananas,Jan,627.0,772765.0,"Jan, 2015",preserved oranges,orange,491.0,365.0
2015,banana,fresh bananas,Jan,155387.0,1733.0,"Jan, 2015",fresh oranges,orange,2575.0,12935.0
2015,banana,fresh bananas,Jan,155387.0,1733.0,"Jan, 2015",orange juice,orange,37113.0,26280.0
2015,banana,fresh bananas,Jan,155387.0,1733.0,"Jan, 2015",preserved oranges,orange,491.0,365.0
2015,banana,fresh bananas,Jan,155387.0,15626.0,"Jan, 2015",fresh oranges,orange,2575.0,12935.0
2015,banana,fresh bananas,Jan,155387.0,15626.0,"Jan, 2015",orange juice,orange,37113.0,26280.0
2015,banana,fresh bananas,Jan,155387.0,15626.0,"Jan, 2015",preserved oranges,orange,491.0,365.0
2014,banana,dried bananas,Jan,1084.0,691.0,"Jan, 2014",fresh oranges,orange,2417.0,12001.0
2014,banana,dried bananas,Jan,1084.0,691.0,"Jan, 2014",orange juice,orange,61320.0,44496.0
2014,banana,dried bananas,Jan,1084.0,691.0,"Jan, 2014",preserved oranges,orange,465.0,354.0
2014,banana,dried bananas,Jan,1084.0,807093.0,"Jan, 2014",fresh oranges,orange,2417.0,12001.0
2014,banana,dried bananas,Jan,1084.0,807093.0,"Jan, 2014",orange juice,orange,61320.0,44496.0
2014,banana,dried bananas,Jan,1084.0,807093.0,"Jan, 2014",preserved oranges,orange,465.0,354.0
2014,banana,fresh bananas,Jan,160040.0,3039.0,"Jan, 2014",fresh oranges,orange,2417.0,12001.0
2014,banana,fresh bananas,Jan,160040.0,3039.0,"Jan, 2014",orange juice,orange,61320.0,44496.0
2014,banana,fresh bananas,Jan,160040.0,3039.0,"Jan, 2014",preserved oranges,orange,465.0,354.0
2014,banana,fresh bananas,Jan,160040.0,13245.0,"Jan, 2014",fresh oranges,orange,2417.0,12001.0
2014,banana,fresh bananas,Jan,160040.0,13245.0,"Jan, 2014",orange juice,orange,61320.0,44496.0
2014,banana,fresh bananas,Jan,160040.0,13245.0,"Jan, 2014",preserved oranges,orange,465.0,354.0
2017,banana,dried bananas,Feb,1042.0,546.0,"Feb, 2017",fresh oranges,orange,4806.0,16735.0
2017,banana,dried bananas,Feb,1042.0,546.0,"Feb, 2017",orange juice,orange,78866.0,45991.0
2017,banana,dried bananas,Feb,1042.0,546.0,"Feb, 2017",preserved oranges,orange,1323.0,1698.0
2017,banana,dried bananas,Feb,1042.0,837063.0,"Feb, 2017",fresh oranges,orange,4806.0,16735.0
2017,banana,dried bananas,Feb,1042.0,837063.0,"Feb, 2017",orange juice,orange,78866.0,45991.0
2017,banana,dried bananas,Feb,1042.0,837063.0,"Feb, 2017",preserved oranges,orange,1323.0,1698.0
2017,banana,fresh bananas,Feb,167845.0,3560.0,"Feb, 2017",fresh oranges,orange,4806.0,16735.0
2017,banana,fresh bananas,Feb,167845.0,3560.0,"Feb, 2017",orange juice,orange,78866.0,45991.0
2017,banana,fresh bananas,Feb,167845.0,3560.0,"Feb, 2017",preserved oranges,orange,1323.0,1698.0
2017,banana,fresh bananas,Feb,167845.0,23146.0,"Feb, 2017",fresh oranges,orange,4806.0,16735.0
2017,banana,fresh bananas,Feb,167845.0,23146.0,"Feb, 2017",orange juice,orange,78866.0,45991.0
2017,banana,fresh bananas,Feb,167845.0,23146.0,"Feb, 2017",preserved oranges,orange,1323.0,1698.0
2016,banana,dried bananas,Feb,1007.0,570.0,"Feb, 2016",fresh oranges,orange,3266.0,15381.0
2016,banana,dried bananas,Feb,1007.0,570.0,"Feb, 2016",orange juice,orange,66343.0,33535.0
2016,banana,dried bananas,Feb,1007.0,570.0,"Feb, 2016",preserved oranges,orange,808.0,878.0
2016,banana,dried bananas,Feb,1007.0,850755.0,"Feb, 2016",fresh oranges,orange,3266.0,15381.0
2016,banana,dried bananas,Feb,1007.0,850755.0,"Feb, 2016",orange juice,orange,66343.0,33535.0
2016,banana,dried bananas,Feb,1007.0,850755.0,"Feb, 2016",preserved oranges,orange,808.0,878.0
2016,banana,fresh bananas,Feb,173663.0,2870.0,"Feb, 2016",fresh oranges,orange,3266.0,15381.0
2016,banana,fresh bananas,Feb,173663.0,2870.0,"Feb, 2016",orange juice,orange,66343.0,33535.0
2016,banana,fresh bananas,Feb,173663.0,2870.0,"Feb, 2016",preserved oranges,orange,808.0,878.0
2016,banana,fresh bananas,Feb,173663.0,19855.0,"Feb, 2016",fresh oranges,orange,3266.0,15381.0
2016,banana,fresh bananas,Feb,173663.0,19855.0,"Feb, 2016",orange juice,orange,66343.0,33535.0
2016,banana,fresh bananas,Feb,173663.0,19855.0,"Feb, 2016",preserved oranges,orange,808.0,878.0
2015,banana,dried bananas,Feb,745.0,466.0,"Feb, 2015",fresh oranges,orange,2984.0,16059.0
2015,banana,dried bananas,Feb,745.0,466.0,"Feb, 2015",orange juice,orange,48691.0,35982.0
2015,banana,dried bananas,Feb,745.0,466.0,"Feb, 2015",preserved oranges,orange,599.0,523.0
2015,banana,dried bananas,Feb,745.0,818554.0,"Feb, 2015",fresh oranges,orange,2984.0,16059.0
2015,banana,dried bananas,Feb,745.0,818554.0,"Feb, 2015",orange juice,orange,48691.0,35982.0
2015,banana,dried bananas,Feb,745.0,818554.0,"Feb, 2015",preserved oranges,orange,599.0,523.0
2015,banana,fresh bananas,Feb,167114.0,2622.0,"Feb, 2015",fresh oranges,orange,2984.0,16059.0
2015,banana,fresh bananas,Feb,167114.0,2622.0,"Feb, 2015",orange juice,orange,48691.0,35982.0
2015,banana,fresh bananas,Feb,167114.0,2622.0,"Feb, 2015",preserved oranges,orange,599.0,523.0
2015,banana,fresh bananas,Feb,167114.0,20457.0,"Feb, 2015",fresh oranges,orange,2984.0,16059.0
2015,banana,fresh bananas,Feb,167114.0,20457.0,"Feb, 2015",orange juice,orange,48691.0,35982.0
2015,banana,fresh bananas,Feb,167114.0,20457.0,"Feb, 2015",preserved oranges,orange,599.0,523.0
2014,banana,dried bananas,Feb,946.0,662.0,"Feb, 2014",fresh oranges,orange,2587.0,11823.0
2014,banana,dried bananas,Feb,946.0,662.0,"Feb, 2014",orange juice,orange,47368.0,30261.0
2014,banana,dried bananas,Feb,946.0,662.0,"Feb, 2014",preserved oranges,orange,505.0,371.0
2014,banana,dried bananas,Feb,946.0,797134.0,"Feb, 2014",fresh oranges,orange,2587.0,11823.0
2014,banana,dried bananas,Feb,946.0,797134.0,"Feb, 2014",orange juice,orange,47368.0,30261.0
2014,banana,dried bananas,Feb,946.0,797134.0,"Feb, 2014",preserved oranges,orange,505.0,371.0
2014,banana,fresh bananas,Feb,161601.0,2561.0,"Feb, 2014",fresh oranges,orange,2587.0,11823.0
2014,banana,fresh bananas,Feb,161601.0,2561.0,"Feb, 2014",orange juice,orange,47368.0,30261.0
2014,banana,fresh bananas,Feb,161601.0,2561.0,"Feb, 2014",preserved oranges,orange,505.0,371.0
2014,banana,fresh bananas,Feb,161601.0,17317.0,"Feb, 2014",fresh oranges,orange,2587.0,11823.0
2014,banana,fresh bananas,Feb,161601.0,17317.0,"Feb, 2014",orange juice,orange,47368.0,30261.0
2014,banana,fresh bananas,Feb,161601.0,17317.0,"Feb, 2014",preserved oranges,orange,505.0,371.0
2017,banana,dried bananas,Mar,988.0,639.0,"Mar, 2017",fresh oranges,orange,7068.0,24777.0
2017,banana,dried bananas,Mar,988.0,639.0,"Mar, 2017",orange juice,orange,105652.0,64876.0
2017,banana,dried bananas,Mar,988.0,639.0,"Mar, 2017",preserved oranges,orange,1243.0,1298.0
2017,banana,dried bananas,Mar,988.0,971044.0,"Mar, 2017",fresh oranges,orange,7068.0,24777.0
2017,banana,dried bananas,Mar,988.0,971044.0,"Mar, 2017",orange juice,orange,105652.0,64876.0
2017,banana,dried bananas,Mar,988.0,971044.0,"Mar, 2017",preserved oranges,orange,1243.0,1298.0
2017,banana,fresh bananas,Mar,193311.0,4356.0,"Mar, 2017",fresh oranges,orange,7068.0,24777.0
2017,banana,fresh bananas,Mar,193311.0,4356.0,"Mar, 2017",orange juice,orange,105652.0,64876.0
2017,banana,fresh bananas,Mar,193311.0,4356.0,"Mar, 2017",preserved oranges,orange,1243.0,1298.0
2017,banana,fresh bananas,Mar,193311.0,21821.0,"Mar, 2017",fresh oranges,orange,7068.0,24777.0
2017,banana,fresh bananas,Mar,193311.0,21821.0,"Mar, 2017",orange juice,orange,105652.0,64876.0
2017,banana,fresh bananas,Mar,193311.0,21821.0,"Mar, 2017",preserved oranges,orange,1243.0,1298.0
2016,banana,dried bananas,Mar,1211.0,758.0,"Mar, 2016",fresh oranges,orange,5433.0,21158.0
2016,banana,dried bananas,Mar,1211.0,758.0,"Mar, 2016",orange juice,orange,93798.0,48611.0
2016,banana,dried bananas,Mar,1211.0,758.0,"Mar, 2016",preserved oranges,orange,706.0,639.0
2016,banana,dried bananas,Mar,1211.0,957557.0,"Mar, 2016",fresh oranges,orange,5433.0,21158.0
2016,banana,dried bananas,Mar,1211.0,957557.0,"Mar, 2016",orange juice,orange,93798.0,48611.0
2016,banana,dried bananas,Mar,1211.0,957557.0,"Mar, 2016",preserved oranges,orange,706.0,639.0
2016,banana,fresh bananas,Mar,195017.0,3470.0,"Mar, 2016",fresh oranges,orange,5433.0,21158.0
2016,banana,fresh bananas,Mar,195017.0,3470.0,"Mar, 2016",orange juice,orange,93798.0,48611.0
2016,banana,fresh bananas,Mar,195017.0,3470.0,"Mar, 2016",preserved oranges,orange,706.0,639.0
2016,banana,fresh bananas,Mar,195017.0,24044.0,"Mar, 2016",fresh oranges,orange,5433.0,21158.0
2016,banana,fresh bananas,Mar,195017.0,24044.0,"Mar, 2016",orange juice,orange,93798.0,48611.0
2016,banana,fresh bananas,Mar,195017.0,24044.0,"Mar, 2016",preserved oranges,orange,706.0,639.0
2015,banana,dried bananas,Mar,1330.0,623.0,"Mar, 2015",fresh oranges,orange,3415.0,17184.0
2015,banana,dried bananas,Mar,1330.0,623.0,"Mar, 2015",orange juice,orange,71318.0,47777.0
2015,banana,dried bananas,Mar,1330.0,623.0,"Mar, 2015",preserved oranges,orange,856.0,816.0
2015,banana,dried bananas,Mar,1330.0,946356.0,"Mar, 2015",fresh oranges,orange,3415.0,17184.0
2015,banana,dried bananas,Mar,1330.0,946356.0,"Mar, 2015",orange juice,orange,71318.0,47777.0
2015,banana,dried bananas,Mar,1330.0,946356.0,"Mar, 2015",preserved oranges,orange,856.0,816.0
2015,banana,fresh bananas,Mar,190342.0,4170.0,"Mar, 2015",fresh oranges,orange,3415.0,17184.0
2015,banana,fresh bananas,Mar,190342.0,4170.0,"Mar, 2015",orange juice,orange,71318.0,47777.0
2015,banana,fresh bananas,Mar,190342.0,4170.0,"Mar, 2015",preserved oranges,orange,856.0,816.0
2015,banana,fresh bananas,Mar,190342.0,21651.0,"Mar, 2015",fresh oranges,orange,3415.0,17184.0
2015,banana,fresh bananas,Mar,190342.0,21651.0,"Mar, 2015",orange juice,orange,71318.0,47777.0
2015,banana,fresh bananas,Mar,190342.0,21651.0,"Mar, 2015",preserved oranges,orange,856.0,816.0
2014,banana,dried bananas,Mar,1161.0,793.0,"Mar, 2014",fresh oranges,orange,3040.0,12139.0
2014,banana,dried bananas,Mar,1161.0,793.0,"Mar, 2014",orange juice,orange,43817.0,26887.0
2014,banana,dried bananas,Mar,1161.0,793.0,"Mar, 2014",preserved oranges,orange,583.0,380.0
2014,banana,dried bananas,Mar,1161.0,843222.0,"Mar, 2014",fresh oranges,orange,3040.0,12139.0
2014,banana,dried bananas,Mar,1161.0,843222.0,"Mar, 2014",orange juice,orange,43817.0,26887.0
2014,banana,dried bananas,Mar,1161.0,843222.0,"Mar, 2014",preserved oranges,orange,583.0,380.0
2014,banana,fresh bananas,Mar,173355.0,3602.0,"Mar, 2014",fresh oranges,orange,3040.0,12139.0
2014,banana,fresh bananas,Mar,173355.0,3602.0,"Mar, 2014",orange juice,orange,43817.0,26887.0
2014,banana,fresh bananas,Mar,173355.0,3602.0,"Mar, 2014",preserved oranges,orange,583.0,380.0
2014,banana,fresh bananas,Mar,173355.0,21275.0,"Mar, 2014",fresh oranges,orange,3040.0,12139.0
2014,banana,fresh bananas,Mar,173355.0,21275.0,"Mar, 2014",orange juice,orange,43817.0,26887.0
2014,banana,fresh bananas,Mar,173355.0,21275.0,"Mar, 2014",preserved oranges,orange,583.0,380.0
2017,banana,dried bananas,Apr,866.0,450.0,"Apr, 2017",fresh oranges,orange,7774.0,27749.0
2017,banana,dried bananas,Apr,866.0,450.0,"Apr, 2017",orange juice,orange,121341.0,68883.0
2017,banana,dried bananas,Apr,866.0,450.0,"Apr, 2017",preserved oranges,orange,1822.0,2128.0
2017,banana,dried bananas,Apr,866.0,808934.0,"Apr, 2017",fresh oranges,orange,7774.0,27749.0
2017,banana,dried bananas,Apr,866.0,808934.0,"Apr, 2017",orange juice,orange,121341.0,68883.0
2017,banana,dried bananas,Apr,866.0,808934.0,"Apr, 2017",preserved oranges,orange,1822.0,2128.0
2017,banana,fresh bananas,Apr,158078.0,3703.0,"Apr, 2017",fresh oranges,orange,7774.0,27749.0
2017,banana,fresh bananas,Apr,158078.0,3703.0,"Apr, 2017",orange juice,orange,121341.0,68883.0
2017,banana,fresh bananas,Apr,158078.0,3703.0,"Apr, 2017",preserved oranges,orange,1822.0,2128.0
2017,banana,fresh bananas,Apr,158078.0,20127.0,"Apr, 2017",fresh oranges,orange,7774.0,27749.0
2017,banana,fresh bananas,Apr,158078.0,20127.0,"Apr, 2017",orange juice,orange,121341.0,68883.0
2017,banana,fresh bananas,Apr,158078.0,20127.0,"Apr, 2017",preserved oranges,orange,1822.0,2128.0
2016,banana,dried bananas,Apr,1131.0,781.0,"Apr, 2016",fresh oranges,orange,5136.0,18436.0
2016,banana,dried bananas,Apr,1131.0,781.0,"Apr, 2016",orange juice,orange,85089.0,41243.0
2016,banana,dried bananas,Apr,1131.0,781.0,"Apr, 2016",preserved oranges,orange,619.0,498.0
2016,banana,dried bananas,Apr,1131.0,847570.0,"Apr, 2016",fresh oranges,orange,5136.0,18436.0
2016,banana,dried bananas,Apr,1131.0,847570.0,"Apr, 2016",orange juice,orange,85089.0,41243.0
2016,banana,dried bananas,Apr,1131.0,847570.0,"Apr, 2016",preserved oranges,orange,619.0,498.0
2016,banana,fresh bananas,Apr,174156.0,2865.0,"Apr, 2016",fresh oranges,orange,5136.0,18436.0
2016,banana,fresh bananas,Apr,174156.0,2865.0,"Apr, 2016",orange juice,orange,85089.0,41243.0
2016,banana,fresh bananas,Apr,174156.0,2865.0,"Apr, 2016",preserved oranges,orange,619.0,498.0
2016,banana,fresh bananas,Apr,174156.0,22190.0,"Apr, 2016",fresh oranges,orange,5136.0,18436.0
2016,banana,fresh bananas,Apr,174156.0,22190.0,"Apr, 2016",orange juice,orange,85089.0,41243.0
2016,banana,fresh bananas,Apr,174156.0,22190.0,"Apr, 2016",preserved oranges,orange,619.0,498.0
2015,banana,dried bananas,Apr,1126.0,785.0,"Apr, 2015",fresh oranges,orange,4133.0,18347.0
2015,banana,dried bananas,Apr,1126.0,785.0,"Apr, 2015",orange juice,orange,83675.0,54942.0
2015,banana,dried bananas,Apr,1126.0,785.0,"Apr, 2015",preserved oranges,orange,606.0,505.0
2015,banana,dried bananas,Apr,1126.0,886909.0,"Apr, 2015",fresh oranges,orange,4133.0,18347.0
2015,banana,dried bananas,Apr,1126.0,886909.0,"Apr, 2015",orange juice,orange,83675.0,54942.0
2015,banana,dried bananas,Apr,1126.0,886909.0,"Apr, 2015",preserved oranges,orange,606.0,505.0
2015,banana,fresh bananas,Apr,182268.0,3496.0,"Apr, 2015",fresh oranges,orange,4133.0,18347.0
2015,banana,fresh bananas,Apr,182268.0,3496.0,"Apr, 2015",orange juice,orange,83675.0,54942.0
2015,banana,fresh bananas,Apr,182268.0,3496.0,"Apr, 2015",preserved oranges,orange,606.0,505.0
2015,banana,fresh bananas,Apr,182268.0,20603.0,"Apr, 2015",fresh oranges,orange,4133.0,18347.0
2015,banana,fresh bananas,Apr,182268.0,20603.0,"Apr, 2015",orange juice,orange,83675.0,54942.0
2015,banana,fresh bananas,Apr,182268.0,20603.0,"Apr, 2015",preserved oranges,orange,606.0,505.0
2014,banana,dried bananas,Apr,1094.0,889.0,"Apr, 2014",fresh oranges,orange,3801.0,15280.0
2014,banana,dried bananas,Apr,1094.0,889.0,"Apr, 2014",orange juice,orange,118856.0,95947.0
2014,banana,dried bananas,Apr,1094.0,889.0,"Apr, 2014",preserved oranges,orange,573.0,430.0
2014,banana,dried bananas,Apr,1094.0,904920.0,"Apr, 2014",fresh oranges,orange,3801.0,15280.0
2014,banana,dried bananas,Apr,1094.0,904920.0,"Apr, 2014",orange juice,orange,118856.0,95947.0
2014,banana,dried bananas,Apr,1094.0,904920.0,"Apr, 2014",preserved oranges,orange,573.0,430.0
2014,banana,fresh bananas,Apr,180112.0,3807.0,"Apr, 2014",fresh oranges,orange,3801.0,15280.0
2014,banana,fresh bananas,Apr,180112.0,3807.0,"Apr, 2014",orange juice,orange,118856.0,95947.0
2014,banana,fresh bananas,Apr,180112.0,3807.0,"Apr, 2014",preserved oranges,orange,573.0,430.0
2014,banana,fresh bananas,Apr,180112.0,19171.0,"Apr, 2014",fresh oranges,orange,3801.0,15280.0
2014,banana,fresh bananas,Apr,180112.0,19171.0,"Apr, 2014",orange juice,orange,118856.0,95947.0
2014,banana,fresh bananas,Apr,180112.0,19171.0,"Apr, 2014",preserved oranges,orange,573.0,430.0
2017,banana,dried bananas,May,956.0,570.0,"May, 2017",fresh oranges,orange,13115.0,35818.0
2017,banana,dried bananas,May,956.0,570.0,"May, 2017",orange juice,orange,104051.0,59057.0
2017,banana,dried bananas,May,956.0,570.0,"May, 2017",preserved oranges,orange,1525.0,1261.0
2017,banana,dried bananas,May,956.0,1029832.0,"May, 2017",fresh oranges,orange,13115.0,35818.0
2017,banana,dried bananas,May,956.0,1029832.0,"May, 2017",orange juice,orange,104051.0,59057.0
2017,banana,dried bananas,May,956.0,1029832.0,"May, 2017",preserved oranges,orange,1525.0,1261.0
2017,banana,fresh bananas,May,204061.0,3678.0,"May, 2017",fresh oranges,orange,13115.0,35818.0
2017,banana,fresh bananas,May,204061.0,3678.0,"May, 2017",orange juice,orange,104051.0,59057.0
2017,banana,fresh bananas,May,204061.0,3678.0,"May, 2017",preserved oranges,orange,1525.0,1261.0
2017,banana,fresh bananas,May,204061.0,24859.0,"May, 2017",fresh oranges,orange,13115.0,35818.0
2017,banana,fresh bananas,May,204061.0,24859.0,"May, 2017",orange juice,orange,104051.0,59057.0
2017,banana,fresh bananas,May,204061.0,24859.0,"May, 2017",preserved oranges,orange,1525.0,1261.0
2016,banana,dried bananas,May,1134.0,754.0,"May, 2016",fresh oranges,orange,7550.0,28596.0
2016,banana,dried bananas,May,1134.0,754.0,"May, 2016",orange juice,orange,102496.0,48757.0
2016,banana,dried bananas,May,1134.0,754.0,"May, 2016",preserved oranges,orange,698.0,620.0
2016,banana,dried bananas,May,1134.0,915754.0,"May, 2016",fresh oranges,orange,7550.0,28596.0
2016,banana,dried bananas,May,1134.0,915754.0,"May, 2016",orange juice,orange,102496.0,48757.0
2016,banana,dried bananas,May,1134.0,915754.0,"May, 2016",preserved oranges,orange,698.0,620.0
2016,banana,fresh bananas,May,188912.0,4264.0,"May, 2016",fresh oranges,orange,7550.0,28596.0
2016,banana,fresh bananas,May,188912.0,4264.0,"May, 2016",orange juice,orange,102496.0,48757.0
2016,banana,fresh bananas,May,188912.0,4264.0,"May, 2016",preserved oranges,orange,698.0,620.0
2016,banana,fresh bananas,May,188912.0,26192.0,"May, 2016",fresh oranges,orange,7550.0,28596.0
2016,banana,fresh bananas,May,188912.0,26192.0,"May, 2016",orange juice,orange,102496.0,48757.0
2016,banana,fresh bananas,May,188912.0,26192.0,"May, 2016",preserved oranges,orange,698.0,620.0
2015,banana,dried bananas,May,1387.0,896.0,"May, 2015",fresh oranges,orange,3817.0,16872.0
2015,banana,dried bananas,May,1387.0,896.0,"May, 2015",orange juice,orange,68323.0,46876.0
2015,banana,dried bananas,May,1387.0,896.0,"May, 2015",preserved oranges,orange,791.0,741.0
2015,banana,dried bananas,May,1387.0,911054.0,"May, 2015",fresh oranges,orange,3817.0,16872.0
2015,banana,dried bananas,May,1387.0,911054.0,"May, 2015",orange juice,orange,68323.0,46876.0
2015,banana,dried bananas,May,1387.0,911054.0,"May, 2015",preserved oranges,orange,791.0,741.0
2015,banana,fresh bananas,May,183769.0,3419.0,"May, 2015",fresh oranges,orange,3817.0,16872.0
2015,banana,fresh bananas,May,183769.0,3419.0,"May, 2015",orange juice,orange,68323.0,46876.0
2015,banana,fresh bananas,May,183769.0,3419.0,"May, 2015",preserved oranges,orange,791.0,741.0
2015,banana,fresh bananas,May,183769.0,21097.0,"May, 2015",fresh oranges,orange,3817.0,16872.0
2015,banana,fresh bananas,May,183769.0,21097.0,"May, 2015",orange juice,orange,68323.0,46876.0
2015,banana,fresh bananas,May,183769.0,21097.0,"May, 2015",preserved oranges,orange,791.0,741.0
2014,banana,dried bananas,May,861.0,644.0,"May, 2014",fresh oranges,orange,4406.0,17564.0
2014,banana,dried bananas,May,861.0,644.0,"May, 2014",orange juice,orange,49221.0,35923.0
2014,banana,dried bananas,May,861.0,644.0,"May, 2014",preserved oranges,orange,601.0,443.0
2014,banana,dried bananas,May,861.0,901380.0,"May, 2014",fresh oranges,orange,4406.0,17564.0
2014,banana,dried bananas,May,861.0,901380.0,"May, 2014",orange juice,orange,49221.0,35923.0
2014,banana,dried bananas,May,861.0,901380.0,"May, 2014",preserved oranges,orange,601.0,443.0
2014,banana,fresh bananas,May,181127.0,3407.0,"May, 2014",fresh oranges,orange,4406.0,17564.0
2014,banana,fresh bananas,May,181127.0,3407.0,"May, 2014",orange juice,orange,49221.0,35923.0
2014,banana,fresh bananas,May,181127.0,3407.0,"May, 2014",preserved oranges,orange,601.0,443.0
2014,banana,fresh bananas,May,181127.0,21633.0,"May, 2014",fresh oranges,orange,4406.0,17564.0
2014,banana,fresh bananas,May,181127.0,21633.0,"May, 2014",orange juice,orange,49221.0,35923.0
2014,banana,fresh bananas,May,181127.0,21633.0,"May, 2014",preserved oranges,orange,601.0,443.0
2017,banana,dried bananas,Jun,1058.0,635.0,"Jun, 2017",fresh oranges,orange,12512.0,27192.0
2017,banana,dried bananas,Jun,1058.0,635.0,"Jun, 2017",orange juice,orange,108588.0,73370.0
2017,banana,dried bananas,Jun,1058.0,635.0,"Jun, 2017",preserved oranges,orange,1470.0,1252.0
2017,banana,dried bananas,Jun,1058.0,920192.0,"Jun, 2017",fresh oranges,orange,12512.0,27192.0
2017,banana,dried bananas,Jun,1058.0,920192.0,"Jun, 2017",orange juice,orange,108588.0,73370.0
2017,banana,dried bananas,Jun,1058.0,920192.0,"Jun, 2017",preserved oranges,orange,1470.0,1252.0
2017,banana,fresh bananas,Jun,181191.0,3881.0,"Jun, 2017",fresh oranges,orange,12512.0,27192.0
2017,banana,fresh bananas,Jun,181191.0,3881.0,"Jun, 2017",orange juice,orange,108588.0,73370.0
2017,banana,fresh bananas,Jun,181191.0,3881.0,"Jun, 2017",preserved oranges,orange,1470.0,1252.0
2017,banana,fresh bananas,Jun,181191.0,22227.0,"Jun, 2017",fresh oranges,orange,12512.0,27192.0
2017,banana,fresh bananas,Jun,181191.0,22227.0,"Jun, 2017",orange juice,orange,108588.0,73370.0
2017,banana,fresh bananas,Jun,181191.0,22227.0,"Jun, 2017",preserved oranges,orange,1470.0,1252.0
2016,banana,dried bananas,Jun,1227.0,789.0,"Jun, 2016",fresh oranges,orange,14372.0,38176.0
2016,banana,dried bananas,Jun,1227.0,789.0,"Jun, 2016",orange juice,orange,77418.0,34400.0
2016,banana,dried bananas,Jun,1227.0,789.0,"Jun, 2016",preserved oranges,orange,673.0,470.0
2016,banana,dried bananas,Jun,1227.0,890370.0,"Jun, 2016",fresh oranges,orange,14372.0,38176.0
2016,banana,dried bananas,Jun,1227.0,890370.0,"Jun, 2016",orange juice,orange,77418.0,34400.0
2016,banana,dried bananas,Jun,1227.0,890370.0,"Jun, 2016",preserved oranges,orange,673.0,470.0
2016,banana,fresh bananas,Jun,184627.0,4516.0,"Jun, 2016",fresh oranges,orange,14372.0,38176.0
2016,banana,fresh bananas,Jun,184627.0,4516.0,"Jun, 2016",orange juice,orange,77418.0,34400.0
2016,banana,fresh bananas,Jun,184627.0,4516.0,"Jun, 2016",preserved oranges,orange,673.0,470.0
2016,banana,fresh bananas,Jun,184627.0,24759.0,"Jun, 2016",fresh oranges,orange,14372.0,38176.0
2016,banana,fresh bananas,Jun,184627.0,24759.0,"Jun, 2016",orange juice,orange,77418.0,34400.0
2016,banana,fresh bananas,Jun,184627.0,24759.0,"Jun, 2016",preserved oranges,orange,673.0,470.0
2015,banana,dried bananas,Jun,1220.0,938.0,"Jun, 2015",fresh oranges,orange,6247.0,17710.0
2015,banana,dried bananas,Jun,1220.0,938.0,"Jun, 2015",orange juice,orange,47778.0,32304.0
2015,banana,dried bananas,Jun,1220.0,938.0,"Jun, 2015",preserved oranges,orange,499.0,443.0
2015,banana,dried bananas,Jun,1220.0,848876.0,"Jun, 2015",fresh oranges,orange,6247.0,17710.0
2015,banana,dried bananas,Jun,1220.0,848876.0,"Jun, 2015",orange juice,orange,47778.0,32304.0
2015,banana,dried bananas,Jun,1220.0,848876.0,"Jun, 2015",preserved oranges,orange,499.0,443.0
2015,banana,fresh bananas,Jun,171908.0,3618.0,"Jun, 2015",fresh oranges,orange,6247.0,17710.0
2015,banana,fresh bananas,Jun,171908.0,3618.0,"Jun, 2015",orange juice,orange,47778.0,32304.0
2015,banana,fresh bananas,Jun,171908.0,3618.0,"Jun, 2015",preserved oranges,orange,499.0,443.0
2015,banana,fresh bananas,Jun,171908.0,19841.0,"Jun, 2015",fresh oranges,orange,6247.0,17710.0
2015,banana,fresh bananas,Jun,171908.0,19841.0,"Jun, 2015",orange juice,orange,47778.0,32304.0
2015,banana,fresh bananas,Jun,171908.0,19841.0,"Jun, 2015",preserved oranges,orange,499.0,443.0
2014,banana,dried bananas,Jun,1068.0,801.0,"Jun, 2014",fresh oranges,orange,8183.0,22006.0
2014,banana,dried bananas,Jun,1068.0,801.0,"Jun, 2014",orange juice,orange,81862.0,67209.0
2014,banana,dried bananas,Jun,1068.0,801.0,"Jun, 2014",preserved oranges,orange,577.0,519.0
2014,banana,dried bananas,Jun,1068.0,882944.0,"Jun, 2014",fresh oranges,orange,8183.0,22006.0
2014,banana,dried bananas,Jun,1068.0,882944.0,"Jun, 2014",orange juice,orange,81862.0,67209.0
2014,banana,dried bananas,Jun,1068.0,882944.0,"Jun, 2014",preserved oranges,orange,577.0,519.0
2014,banana,fresh bananas,Jun,179854.0,3571.0,"Jun, 2014",fresh oranges,orange,8183.0,22006.0
2014,banana,fresh bananas,Jun,179854.0,3571.0,"Jun, 2014",orange juice,orange,81862.0,67209.0
2014,banana,fresh bananas,Jun,179854.0,3571.0,"Jun, 2014",preserved oranges,orange,577.0,519.0
2014,banana,fresh bananas,Jun,179854.0,22394.0,"Jun, 2014",fresh oranges,orange,8183.0,22006.0
2014,banana,fresh bananas,Jun,179854.0,22394.0,"Jun, 2014",orange juice,orange,81862.0,67209.0
2014,banana,fresh bananas,Jun,179854.0,22394.0,"Jun, 2014",preserved oranges,orange,577.0,519.0
2017,banana,dried bananas,Jul,1174.0,737.0,"Jul, 2017",fresh oranges,orange,54828.0,113645.0
2017,banana,dried bananas,Jul,1174.0,737.0,"Jul, 2017",orange juice,orange,65584.0,40958.0
2017,banana,dried bananas,Jul,1174.0,737.0,"Jul, 2017",preserved oranges,orange,1319.0,1177.0
2017,banana,dried bananas,Jul,1174.0,835774.0,"Jul, 2017",fresh oranges,orange,54828.0,113645.0
2017,banana,dried bananas,Jul,1174.0,835774.0,"Jul, 2017",orange juice,orange,65584.0,40958.0
2017,banana,dried bananas,Jul,1174.0,835774.0,"Jul, 2017",preserved oranges,orange,1319.0,1177.0
2017,banana,fresh bananas,Jul,165996.0,3813.0,"Jul, 2017",fresh oranges,orange,54828.0,113645.0
2017,banana,fresh bananas,Jul,165996.0,3813.0,"Jul, 2017",orange juice,orange,65584.0,40958.0
2017,banana,fresh bananas,Jul,165996.0,3813.0,"Jul, 2017",preserved oranges,orange,1319.0,1177.0
2017,banana,fresh bananas,Jul,165996.0,19973.0,"Jul, 2017",fresh oranges,orange,54828.0,113645.0
2017,banana,fresh bananas,Jul,165996.0,19973.0,"Jul, 2017",orange juice,orange,65584.0,40958.0
2017,banana,fresh bananas,Jul,165996.0,19973.0,"Jul, 2017",preserved oranges,orange,1319.0,1177.0
2016,banana,dried bananas,Jul,849.0,560.0,"Jul, 2016",fresh oranges,orange,43110.0,93048.0
2016,banana,dried bananas,Jul,849.0,560.0,"Jul, 2016",orange juice,orange,36254.0,17676.0
2016,banana,dried bananas,Jul,849.0,560.0,"Jul, 2016",preserved oranges,orange,714.0,619.0
2016,banana,dried bananas,Jul,849.0,749078.0,"Jul, 2016",fresh oranges,orange,43110.0,93048.0
2016,banana,dried bananas,Jul,849.0,749078.0,"Jul, 2016",orange juice,orange,36254.0,17676.0
2016,banana,dried bananas,Jul,849.0,749078.0,"Jul, 2016",preserved oranges,orange,714.0,619.0
2016,banana,fresh bananas,Jul,154906.0,3924.0,"Jul, 2016",fresh oranges,orange,43110.0,93048.0
2016,banana,fresh bananas,Jul,154906.0,3924.0,"Jul, 2016",orange juice,orange,36254.0,17676.0
2016,banana,fresh bananas,Jul,154906.0,3924.0,"Jul, 2016",preserved oranges,orange,714.0,619.0
2016,banana,fresh bananas,Jul,154906.0,19227.0,"Jul, 2016",fresh oranges,orange,43110.0,93048.0
2016,banana,fresh bananas,Jul,154906.0,19227.0,"Jul, 2016",orange juice,orange,36254.0,17676.0
2016,banana,fresh bananas,Jul,154906.0,19227.0,"Jul, 2016",preserved oranges,orange,714.0,619.0
2015,banana,dried bananas,Jul,1119.0,857.0,"Jul, 2015",fresh oranges,orange,35690.0,75647.0
2015,banana,dried bananas,Jul,1119.0,857.0,"Jul, 2015",orange juice,orange,31993.0,22030.0
2015,banana,dried bananas,Jul,1119.0,857.0,"Jul, 2015",preserved oranges,orange,1340.0,761.0
2015,banana,dried bananas,Jul,1119.0,832566.0,"Jul, 2015",fresh oranges,orange,35690.0,75647.0
2015,banana,dried bananas,Jul,1119.0,832566.0,"Jul, 2015",orange juice,orange,31993.0,22030.0
2015,banana,dried bananas,Jul,1119.0,832566.0,"Jul, 2015",preserved oranges,orange,1340.0,761.0
2015,banana,fresh bananas,Jul,168640.0,3972.0,"Jul, 2015",fresh oranges,orange,35690.0,75647.0
2015,banana,fresh bananas,Jul,168640.0,3972.0,"Jul, 2015",orange juice,orange,31993.0,22030.0
2015,banana,fresh bananas,Jul,168640.0,3972.0,"Jul, 2015",preserved oranges,orange,1340.0,761.0
2015,banana,fresh bananas,Jul,168640.0,20932.0,"Jul, 2015",fresh oranges,orange,35690.0,75647.0
2015,banana,fresh bananas,Jul,168640.0,20932.0,"Jul, 2015",orange juice,orange,31993.0,22030.0
2015,banana,fresh bananas,Jul,168640.0,20932.0,"Jul, 2015",preserved oranges,orange,1340.0,761.0
2014,banana,dried bananas,Jul,1308.0,706.0,"Jul, 2014",fresh oranges,orange,38935.0,79644.0
2014,banana,dried bananas,Jul,1308.0,706.0,"Jul, 2014",orange juice,orange,24958.0,15043.0
2014,banana,dried bananas,Jul,1308.0,706.0,"Jul, 2014",preserved oranges,orange,408.0,330.0
2014,banana,dried bananas,Jul,1308.0,866594.0,"Jul, 2014",fresh oranges,orange,38935.0,79644.0
2014,banana,dried bananas,Jul,1308.0,866594.0,"Jul, 2014",orange juice,orange,24958.0,15043.0
2014,banana,dried bananas,Jul,1308.0,866594.0,"Jul, 2014",preserved oranges,orange,408.0,330.0
2014,banana,fresh bananas,Jul,173436.0,4903.0,"Jul, 2014",fresh oranges,orange,38935.0,79644.0
2014,banana,fresh bananas,Jul,173436.0,4903.0,"Jul, 2014",orange juice,orange,24958.0,15043.0
2014,banana,fresh bananas,Jul,173436.0,4903.0,"Jul, 2014",preserved oranges,orange,408.0,330.0
2014,banana,fresh bananas,Jul,173436.0,20661.0,"Jul, 2014",fresh oranges,orange,38935.0,79644.0
2014,banana,fresh bananas,Jul,173436.0,20661.0,"Jul, 2014",orange juice,orange,24958.0,15043.0
2014,banana,fresh bananas,Jul,173436.0,20661.0,"Jul, 2014",preserved oranges,orange,408.0,330.0
2017,banana,dried bananas,Aug,1317.0,708.0,"Aug, 2017",fresh oranges,orange,54933.0,116401.0
2017,banana,dried bananas,Aug,1317.0,708.0,"Aug, 2017",orange juice,orange,46496.0,27052.0
2017,banana,dried bananas,Aug,1317.0,708.0,"Aug, 2017",preserved oranges,orange,1077.0,955.0
2017,banana,dried bananas,Aug,1317.0,908539.0,"Aug, 2017",fresh oranges,orange,54933.0,116401.0
2017,banana,dried bananas,Aug,1317.0,908539.0,"Aug, 2017",orange juice,orange,46496.0,27052.0
2017,banana,dried bananas,Aug,1317.0,908539.0,"Aug, 2017",preserved oranges,orange,1077.0,955.0
2017,banana,fresh bananas,Aug,180457.0,3663.0,"Aug, 2017",fresh oranges,orange,54933.0,116401.0
2017,banana,fresh bananas,Aug,180457.0,3663.0,"Aug, 2017",orange juice,orange,46496.0,27052.0
2017,banana,fresh bananas,Aug,180457.0,3663.0,"Aug, 2017",preserved oranges,orange,1077.0,955.0
2017,banana,fresh bananas,Aug,180457.0,24890.0,"Aug, 2017",fresh oranges,orange,54933.0,116401.0
2017,banana,fresh bananas,Aug,180457.0,24890.0,"Aug, 2017",orange juice,orange,46496.0,27052.0
2017,banana,fresh bananas,Aug,180457.0,24890.0,"Aug, 2017",preserved oranges,orange,1077.0,955.0
2016,banana,dried bananas,Aug,902.0,487.0,"Aug, 2016",fresh oranges,orange,42323.0,90529.0
2016,banana,dried bananas,Aug,902.0,487.0,"Aug, 2016",orange juice,orange,39182.0,20743.0
2016,banana,dried bananas,Aug,902.0,487.0,"Aug, 2016",preserved oranges,orange,755.0,657.0
2016,banana,dried bananas,Aug,902.0,931343.0,"Aug, 2016",fresh oranges,orange,42323.0,90529.0
2016,banana,dried bananas,Aug,902.0,931343.0,"Aug, 2016",orange juice,orange,39182.0,20743.0
2016,banana,dried bananas,Aug,902.0,931343.0,"Aug, 2016",preserved oranges,orange,755.0,657.0
2016,banana,fresh bananas,Aug,197106.0,4930.0,"Aug, 2016",fresh oranges,orange,42323.0,90529.0
2016,banana,fresh bananas,Aug,197106.0,4930.0,"Aug, 2016",orange juice,orange,39182.0,20743.0
2016,banana,fresh bananas,Aug,197106.0,4930.0,"Aug, 2016",preserved oranges,orange,755.0,657.0
2016,banana,fresh bananas,Aug,197106.0,22122.0,"Aug, 2016",fresh oranges,orange,42323.0,90529.0
2016,banana,fresh bananas,Aug,197106.0,22122.0,"Aug, 2016",orange juice,orange,39182.0,20743.0
2016,banana,fresh bananas,Aug,197106.0,22122.0,"Aug, 2016",preserved oranges,orange,755.0,657.0
2015,banana,dried bananas,Aug,1103.0,671.0,"Aug, 2015",fresh oranges,orange,47530.0,101206.0
2015,banana,dried bananas,Aug,1103.0,671.0,"Aug, 2015",orange juice,orange,32293.0,20258.0
2015,banana,dried bananas,Aug,1103.0,671.0,"Aug, 2015",preserved oranges,orange,562.0,520.0
2015,banana,dried bananas,Aug,1103.0,842433.0,"Aug, 2015",fresh oranges,orange,47530.0,101206.0
2015,banana,dried bananas,Aug,1103.0,842433.0,"Aug, 2015",orange juice,orange,32293.0,20258.0
2015,banana,dried bananas,Aug,1103.0,842433.0,"Aug, 2015",preserved oranges,orange,562.0,520.0
2015,banana,fresh bananas,Aug,172076.0,3495.0,"Aug, 2015",fresh oranges,orange,47530.0,101206.0
2015,banana,fresh bananas,Aug,172076.0,3495.0,"Aug, 2015",orange juice,orange,32293.0,20258.0
2015,banana,fresh bananas,Aug,172076.0,3495.0,"Aug, 2015",preserved oranges,orange,562.0,520.0
2015,banana,fresh bananas,Aug,172076.0,19274.0,"Aug, 2015",fresh oranges,orange,47530.0,101206.0
2015,banana,fresh bananas,Aug,172076.0,19274.0,"Aug, 2015",orange juice,orange,32293.0,20258.0
2015,banana,fresh bananas,Aug,172076.0,19274.0,"Aug, 2015",preserved oranges,orange,562.0,520.0
2014,banana,dried bananas,Aug,1126.0,696.0,"Aug, 2014",fresh oranges,orange,37455.0,81049.0
2014,banana,dried bananas,Aug,1126.0,696.0,"Aug, 2014",orange juice,orange,16591.0,9827.0
2014,banana,dried bananas,Aug,1126.0,696.0,"Aug, 2014",preserved oranges,orange,398.0,314.0
2014,banana,dried bananas,Aug,1126.0,808114.0,"Aug, 2014",fresh oranges,orange,37455.0,81049.0
2014,banana,dried bananas,Aug,1126.0,808114.0,"Aug, 2014",orange juice,orange,16591.0,9827.0
2014,banana,dried bananas,Aug,1126.0,808114.0,"Aug, 2014",preserved oranges,orange,398.0,314.0
2014,banana,fresh bananas,Aug,163090.0,3742.0,"Aug, 2014",fresh oranges,orange,37455.0,81049.0
2014,banana,fresh bananas,Aug,163090.0,3742.0,"Aug, 2014",orange juice,orange,16591.0,9827.0
2014,banana,fresh bananas,Aug,163090.0,3742.0,"Aug, 2014",preserved oranges,orange,398.0,314.0
2014,banana,fresh bananas,Aug,163090.0,19838.0,"Aug, 2014",fresh oranges,orange,37455.0,81049.0
2014,banana,fresh bananas,Aug,163090.0,19838.0,"Aug, 2014",orange juice,orange,16591.0,9827.0
2014,banana,fresh bananas,Aug,163090.0,19838.0,"Aug, 2014",preserved oranges,orange,398.0,314.0
2017,banana,dried bananas,Sep,1255.0,828.0,"Sep, 2017",fresh oranges,orange,,
2017,banana,dried bananas,Sep,1255.0,828.0,"Sep, 2017",orange juice,orange,30829.0,20090.0
2017,banana,dried bananas,Sep,1255.0,828.0,"Sep, 2017",preserved oranges,orange,,
2017,banana,dried bananas,Sep,1255.0,897241.0,"Sep, 2017",fresh oranges,orange,,
2017,banana,dried bananas,Sep,1255.0,897241.0,"Sep, 2017",orange juice,orange,30829.0,20090.0
2017,banana,dried bananas,Sep,1255.0,897241.0,"Sep, 2017",preserved oranges,orange,,
2017,banana,fresh bananas,Sep,180829.0,3791.0,"Sep, 2017",fresh oranges,orange,,
2017,banana,fresh bananas,Sep,180829.0,3791.0,"Sep, 2017",orange juice,orange,30829.0,20090.0
2017,banana,fresh bananas,Sep,180829.0,3791.0,"Sep, 2017",preserved oranges,orange,,
2017,banana,fresh bananas,Sep,180829.0,22438.0,"Sep, 2017",fresh oranges,orange,,
2017,banana,fresh bananas,Sep,180829.0,22438.0,"Sep, 2017",orange juice,orange,30829.0,20090.0
2017,banana,fresh bananas,Sep,180829.0,22438.0,"Sep, 2017",preserved oranges,orange,,
2016,banana,dried bananas,Sep,771.0,508.0,"Sep, 2016",fresh oranges,orange,16488.0,33920.0
2016,banana,dried bananas,Sep,771.0,508.0,"Sep, 2016",orange juice,orange,38732.0,21431.0
2016,banana,dried bananas,Sep,771.0,508.0,"Sep, 2016",preserved oranges,orange,728.0,579.0
2016,banana,dried bananas,Sep,771.0,815962.0,"Sep, 2016",fresh oranges,orange,16488.0,33920.0
2016,banana,dried bananas,Sep,771.0,815962.0,"Sep, 2016",orange juice,orange,38732.0,21431.0
2016,banana,dried bananas,Sep,771.0,815962.0,"Sep, 2016",preserved oranges,orange,728.0,579.0
2016,banana,fresh bananas,Sep,165397.0,4423.0,"Sep, 2016",fresh oranges,orange,16488.0,33920.0
2016,banana,fresh bananas,Sep,165397.0,4423.0,"Sep, 2016",orange juice,orange,38732.0,21431.0
2016,banana,fresh bananas,Sep,165397.0,4423.0,"Sep, 2016",preserved oranges,orange,728.0,579.0
2016,banana,fresh bananas,Sep,165397.0,21267.0,"Sep, 2016",fresh oranges,orange,16488.0,33920.0
2016,banana,fresh bananas,Sep,165397.0,21267.0,"Sep, 2016",orange juice,orange,38732.0,21431.0
2016,banana,fresh bananas,Sep,165397.0,21267.0,"Sep, 2016",preserved oranges,orange,728.0,579.0
2015,banana,dried bananas,Sep,829.0,435.0,"Sep, 2015",fresh oranges,orange,24762.0,51344.0
2015,banana,dried bananas,Sep,829.0,435.0,"Sep, 2015",orange juice,orange,39198.0,24990.0
2015,banana,dried bananas,Sep,829.0,435.0,"Sep, 2015",preserved oranges,orange,721.0,716.0
2015,banana,dried bananas,Sep,829.0,910572.0,"Sep, 2015",fresh oranges,orange,24762.0,51344.0
2015,banana,dried bananas,Sep,829.0,910572.0,"Sep, 2015",orange juice,orange,39198.0,24990.0
2015,banana,dried bananas,Sep,829.0,910572.0,"Sep, 2015",preserved oranges,orange,721.0,716.0
2015,banana,fresh bananas,Sep,184634.0,4672.0,"Sep, 2015",fresh oranges,orange,24762.0,51344.0
2015,banana,fresh bananas,Sep,184634.0,4672.0,"Sep, 2015",orange juice,orange,39198.0,24990.0
2015,banana,fresh bananas,Sep,184634.0,4672.0,"Sep, 2015",preserved oranges,orange,721.0,716.0
2015,banana,fresh bananas,Sep,184634.0,18728.0,"Sep, 2015",fresh oranges,orange,24762.0,51344.0
2015,banana,fresh bananas,Sep,184634.0,18728.0,"Sep, 2015",orange juice,orange,39198.0,24990.0
2015,banana,fresh bananas,Sep,184634.0,18728.0,"Sep, 2015",preserved oranges,orange,721.0,716.0
2014,banana,dried bananas,Sep,1059.0,641.0,"Sep, 2014",fresh oranges,orange,27124.0,59523.0
2014,banana,dried bananas,Sep,1059.0,641.0,"Sep, 2014",orange juice,orange,26066.0,16206.0
2014,banana,dried bananas,Sep,1059.0,641.0,"Sep, 2014",preserved oranges,orange,493.0,361.0
2014,banana,dried bananas,Sep,1059.0,866814.0,"Sep, 2014",fresh oranges,orange,27124.0,59523.0
2014,banana,dried bananas,Sep,1059.0,866814.0,"Sep, 2014",orange juice,orange,26066.0,16206.0
2014,banana,dried bananas,Sep,1059.0,866814.0,"Sep, 2014",preserved oranges,orange,493.0,361.0
2014,banana,fresh bananas,Sep,171968.0,3360.0,"Sep, 2014",fresh oranges,orange,27124.0,59523.0
2014,banana,fresh bananas,Sep,171968.0,3360.0,"Sep, 2014",orange juice,orange,26066.0,16206.0
2014,banana,fresh bananas,Sep,171968.0,3360.0,"Sep, 2014",preserved oranges,orange,493.0,361.0
2014,banana,fresh bananas,Sep,171968.0,19154.0,"Sep, 2014",fresh oranges,orange,27124.0,59523.0
2014,banana,fresh bananas,Sep,171968.0,19154.0,"Sep, 2014",orange juice,orange,26066.0,16206.0
2014,banana,fresh bananas,Sep,171968.0,19154.0,"Sep, 2014",preserved oranges,orange,493.0,361.0
2017,banana,dried bananas,Oct,1473.0,895.0,"Oct, 2017",fresh oranges,orange,,
2017,banana,dried bananas,Oct,1473.0,895.0,"Oct, 2017",orange juice,orange,,
2017,banana,dried bananas,Oct,1473.0,895.0,"Oct, 2017",preserved oranges,orange,,
2017,banana,dried bananas,Oct,1473.0,900097.0,"Oct, 2017",fresh oranges,orange,,
2017,banana,dried bananas,Oct,1473.0,900097.0,"Oct, 2017",orange juice,orange,,
2017,banana,dried bananas,Oct,1473.0,900097.0,"Oct, 2017",preserved oranges,orange,,
2017,banana,fresh bananas,Oct,175379.0,3958.0,"Oct, 2017",fresh oranges,orange,,
2017,banana,fresh bananas,Oct,175379.0,3958.0,"Oct, 2017",orange juice,orange,,
2017,banana,fresh bananas,Oct,175379.0,3958.0,"Oct, 2017",preserved oranges,orange,,
2017,banana,fresh bananas,Oct,175379.0,21625.0,"Oct, 2017",fresh oranges,orange,,
2017,banana,fresh bananas,Oct,175379.0,21625.0,"Oct, 2017",orange juice,orange,,
2017,banana,fresh bananas,Oct,175379.0,21625.0,"Oct, 2017",preserved oranges,orange,,
2016,banana,dried bananas,Oct,1058.0,727.0,"Oct, 2016",fresh oranges,orange,16747.0,36163.0
2016,banana,dried bananas,Oct,1058.0,727.0,"Oct, 2016",orange juice,orange,50668.0,35204.0
2016,banana,dried bananas,Oct,1058.0,727.0,"Oct, 2016",preserved oranges,orange,915.0,753.0
2016,banana,dried bananas,Oct,1058.0,795253.0,"Oct, 2016",fresh oranges,orange,16747.0,36163.0
2016,banana,dried bananas,Oct,1058.0,795253.0,"Oct, 2016",orange juice,orange,50668.0,35204.0
2016,banana,dried bananas,Oct,1058.0,795253.0,"Oct, 2016",preserved oranges,orange,915.0,753.0
2016,banana,fresh bananas,Oct,161917.0,5369.0,"Oct, 2016",fresh oranges,orange,16747.0,36163.0
2016,banana,fresh bananas,Oct,161917.0,5369.0,"Oct, 2016",orange juice,orange,50668.0,35204.0
2016,banana,fresh bananas,Oct,161917.0,5369.0,"Oct, 2016",preserved oranges,orange,915.0,753.0
2016,banana,fresh bananas,Oct,161917.0,20392.0,"Oct, 2016",fresh oranges,orange,16747.0,36163.0
2016,banana,fresh bananas,Oct,161917.0,20392.0,"Oct, 2016",orange juice,orange,50668.0,35204.0
2016,banana,fresh bananas,Oct,161917.0,20392.0,"Oct, 2016",preserved oranges,orange,915.0,753.0
2015,banana,dried bananas,Oct,1064.0,689.0,"Oct, 2015",fresh oranges,orange,6014.0,13619.0
2015,banana,dried bananas,Oct,1064.0,689.0,"Oct, 2015",orange juice,orange,31741.0,21673.0
2015,banana,dried bananas,Oct,1064.0,689.0,"Oct, 2015",preserved oranges,orange,521.0,468.0
2015,banana,dried bananas,Oct,1064.0,833261.0,"Oct, 2015",fresh oranges,orange,6014.0,13619.0
2015,banana,dried bananas,Oct,1064.0,833261.0,"Oct, 2015",orange juice,orange,31741.0,21673.0
2015,banana,dried bananas,Oct,1064.0,833261.0,"Oct, 2015",preserved oranges,orange,521.0,468.0
2015,banana,fresh bananas,Oct,168110.0,3543.0,"Oct, 2015",fresh oranges,orange,6014.0,13619.0
2015,banana,fresh bananas,Oct,168110.0,3543.0,"Oct, 2015",orange juice,orange,31741.0,21673.0
2015,banana,fresh bananas,Oct,168110.0,3543.0,"Oct, 2015",preserved oranges,orange,521.0,468.0
2015,banana,fresh bananas,Oct,168110.0,20381.0,"Oct, 2015",fresh oranges,orange,6014.0,13619.0
2015,banana,fresh bananas,Oct,168110.0,20381.0,"Oct, 2015",orange juice,orange,31741.0,21673.0
2015,banana,fresh bananas,Oct,168110.0,20381.0,"Oct, 2015",preserved oranges,orange,521.0,468.0
2014,banana,dried bananas,Oct,708.0,378.0,"Oct, 2014",fresh oranges,orange,8895.0,18079.0
2014,banana,dried bananas,Oct,708.0,378.0,"Oct, 2014",orange juice,orange,28975.0,26998.0
2014,banana,dried bananas,Oct,708.0,378.0,"Oct, 2014",preserved oranges,orange,581.0,395.0
2014,banana,dried bananas,Oct,708.0,855581.0,"Oct, 2014",fresh oranges,orange,8895.0,18079.0
2014,banana,dried bananas,Oct,708.0,855581.0,"Oct, 2014",orange juice,orange,28975.0,26998.0
2014,banana,dried bananas,Oct,708.0,855581.0,"Oct, 2014",preserved oranges,orange,581.0,395.0
2014,banana,fresh bananas,Oct,171940.0,3413.0,"Oct, 2014",fresh oranges,orange,8895.0,18079.0
2014,banana,fresh bananas,Oct,171940.0,3413.0,"Oct, 2014",orange juice,orange,28975.0,26998.0
2014,banana,fresh bananas,Oct,171940.0,3413.0,"Oct, 2014",preserved oranges,orange,581.0,395.0
2014,banana,fresh bananas,Oct,171940.0,18930.0,"Oct, 2014",fresh oranges,orange,8895.0,18079.0
2014,banana,fresh bananas,Oct,171940.0,18930.0,"Oct, 2014",orange juice,orange,28975.0,26998.0
2014,banana,fresh bananas,Oct,171940.0,18930.0,"Oct, 2014",preserved oranges,orange,581.0,395.0
2017,banana,dried bananas,Nov,1160.0,651.0,"Nov, 2017",fresh oranges,orange,2480.0,9335.0
2017,banana,dried bananas,Nov,1160.0,651.0,"Nov, 2017",orange juice,orange,79215.0,56478.0
2017,banana,dried bananas,Nov,1160.0,651.0,"Nov, 2017",preserved oranges,orange,1353.0,1472.0
2017,banana,dried bananas,Nov,1160.0,910932.0,"Nov, 2017",fresh oranges,orange,2480.0,9335.0
2017,banana,dried bananas,Nov,1160.0,910932.0,"Nov, 2017",orange juice,orange,79215.0,56478.0
2017,banana,dried bananas,Nov,1160.0,910932.0,"Nov, 2017",preserved oranges,orange,1353.0,1472.0
2017,banana,fresh bananas,Nov,179872.0,4146.0,"Nov, 2017",fresh oranges,orange,2480.0,9335.0
2017,banana,fresh bananas,Nov,179872.0,4146.0,"Nov, 2017",orange juice,orange,79215.0,56478.0
2017,banana,fresh bananas,Nov,179872.0,4146.0,"Nov, 2017",preserved oranges,orange,1353.0,1472.0
2017,banana,fresh bananas,Nov,179872.0,22709.0,"Nov, 2017",fresh oranges,orange,2480.0,9335.0
2017,banana,fresh bananas,Nov,179872.0,22709.0,"Nov, 2017",orange juice,orange,79215.0,56478.0
2017,banana,fresh bananas,Nov,179872.0,22709.0,"Nov, 2017",preserved oranges,orange,1353.0,1472.0
2016,banana,dried bananas,Nov,1301.0,779.0,"Nov, 2016",fresh oranges,orange,1239.0,5454.0
2016,banana,dried bananas,Nov,1301.0,779.0,"Nov, 2016",orange juice,orange,66737.0,46785.0
2016,banana,dried bananas,Nov,1301.0,779.0,"Nov, 2016",preserved oranges,orange,1021.0,1086.0
2016,banana,dried bananas,Nov,1301.0,811086.0,"Nov, 2016",fresh oranges,orange,1239.0,5454.0
2016,banana,dried bananas,Nov,1301.0,811086.0,"Nov, 2016",orange juice,orange,66737.0,46785.0
2016,banana,dried bananas,Nov,1301.0,811086.0,"Nov, 2016",preserved oranges,orange,1021.0,1086.0
2016,banana,fresh bananas,Nov,166252.0,4182.0,"Nov, 2016",fresh oranges,orange,1239.0,5454.0
2016,banana,fresh bananas,Nov,166252.0,4182.0,"Nov, 2016",orange juice,orange,66737.0,46785.0
2016,banana,fresh bananas,Nov,166252.0,4182.0,"Nov, 2016",preserved oranges,orange,1021.0,1086.0
2016,banana,fresh bananas,Nov,166252.0,18044.0,"Nov, 2016",fresh oranges,orange,1239.0,5454.0
2016,banana,fresh bananas,Nov,166252.0,18044.0,"Nov, 2016",orange juice,orange,66737.0,46785.0
2016,banana,fresh bananas,Nov,166252.0,18044.0,"Nov, 2016",preserved oranges,orange,1021.0,1086.0
2015,banana,dried bananas,Nov,756.0,435.0,"Nov, 2015",fresh oranges,orange,1415.0,8401.0
2015,banana,dried bananas,Nov,756.0,435.0,"Nov, 2015",orange juice,orange,25326.0,22631.0
2015,banana,dried bananas,Nov,756.0,435.0,"Nov, 2015",preserved oranges,orange,546.0,443.0
2015,banana,dried bananas,Nov,756.0,794203.0,"Nov, 2015",fresh oranges,orange,1415.0,8401.0
2015,banana,dried bananas,Nov,756.0,794203.0,"Nov, 2015",orange juice,orange,25326.0,22631.0
2015,banana,dried bananas,Nov,756.0,794203.0,"Nov, 2015",preserved oranges,orange,546.0,443.0
2015,banana,fresh bananas,Nov,159993.0,3067.0,"Nov, 2015",fresh oranges,orange,1415.0,8401.0
2015,banana,fresh bananas,Nov,159993.0,3067.0,"Nov, 2015",orange juice,orange,25326.0,22631.0
2015,banana,fresh bananas,Nov,159993.0,3067.0,"Nov, 2015",preserved oranges,orange,546.0,443.0
2015,banana,fresh bananas,Nov,159993.0,21485.0,"Nov, 2015",fresh oranges,orange,1415.0,8401.0
2015,banana,fresh bananas,Nov,159993.0,21485.0,"Nov, 2015",orange juice,orange,25326.0,22631.0
2015,banana,fresh bananas,Nov,159993.0,21485.0,"Nov, 2015",preserved oranges,orange,546.0,443.0
2014,banana,dried bananas,Nov,818.0,418.0,"Nov, 2014",fresh oranges,orange,932.0,3880.0
2014,banana,dried bananas,Nov,818.0,418.0,"Nov, 2014",orange juice,orange,68604.0,53827.0
2014,banana,dried bananas,Nov,818.0,418.0,"Nov, 2014",preserved oranges,orange,839.0,764.0
2014,banana,dried bananas,Nov,818.0,704918.0,"Nov, 2014",fresh oranges,orange,932.0,3880.0
2014,banana,dried bananas,Nov,818.0,704918.0,"Nov, 2014",orange juice,orange,68604.0,53827.0
2014,banana,dried bananas,Nov,818.0,704918.0,"Nov, 2014",preserved oranges,orange,839.0,764.0
2014,banana,fresh bananas,Nov,148091.0,3259.0,"Nov, 2014",fresh oranges,orange,932.0,3880.0
2014,banana,fresh bananas,Nov,148091.0,3259.0,"Nov, 2014",orange juice,orange,68604.0,53827.0
2014,banana,fresh bananas,Nov,148091.0,3259.0,"Nov, 2014",preserved oranges,orange,839.0,764.0
2014,banana,fresh bananas,Nov,148091.0,19833.0,"Nov, 2014",fresh oranges,orange,932.0,3880.0
2014,banana,fresh bananas,Nov,148091.0,19833.0,"Nov, 2014",orange juice,orange,68604.0,53827.0
2014,banana,fresh bananas,Nov,148091.0,19833.0,"Nov, 2014",preserved oranges,orange,839.0,764.0
2017,banana,dried bananas,Dec,1261.0,782.0,"Dec, 2017",fresh oranges,orange,3918.0,14663.0
2017,banana,dried bananas,Dec,1261.0,782.0,"Dec, 2017",orange juice,orange,50131.0,35681.0
2017,banana,dried bananas,Dec,1261.0,782.0,"Dec, 2017",preserved oranges,orange,867.0,769.0
2017,banana,dried bananas,Dec,1261.0,738191.0,"Dec, 2017",fresh oranges,orange,3918.0,14663.0
2017,banana,dried bananas,Dec,1261.0,738191.0,"Dec, 2017",orange juice,orange,50131.0,35681.0
2017,banana,dried bananas,Dec,1261.0,738191.0,"Dec, 2017",preserved oranges,orange,867.0,769.0
2017,banana,fresh bananas,Dec,145800.0,3803.0,"Dec, 2017",fresh oranges,orange,3918.0,14663.0
2017,banana,fresh bananas,Dec,145800.0,3803.0,"Dec, 2017",orange juice,orange,50131.0,35681.0
2017,banana,fresh bananas,Dec,145800.0,3803.0,"Dec, 2017",preserved oranges,orange,867.0,769.0
2017,banana,fresh bananas,Dec,145800.0,19389.0,"Dec, 2017",fresh oranges,orange,3918.0,14663.0
2017,banana,fresh bananas,Dec,145800.0,19389.0,"Dec, 2017",orange juice,orange,50131.0,35681.0
2017,banana,fresh bananas,Dec,145800.0,19389.0,"Dec, 2017",preserved oranges,orange,867.0,769.0
2016,banana,dried bananas,Dec,1045.0,477.0,"Dec, 2016",fresh oranges,orange,1689.0,9070.0
2016,banana,dried bananas,Dec,1045.0,477.0,"Dec, 2016",orange juice,orange,34928.0,22319.0
2016,banana,dried bananas,Dec,1045.0,477.0,"Dec, 2016",preserved oranges,orange,1257.0,1315.0
2016,banana,dried bananas,Dec,1045.0,773624.0,"Dec, 2016",fresh oranges,orange,1689.0,9070.0
2016,banana,dried bananas,Dec,1045.0,773624.0,"Dec, 2016",orange juice,orange,34928.0,22319.0
2016,banana,dried bananas,Dec,1045.0,773624.0,"Dec, 2016",preserved oranges,orange,1257.0,1315.0
2016,banana,fresh bananas,Dec,158462.0,4056.0,"Dec, 2016",fresh oranges,orange,1689.0,9070.0
2016,banana,fresh bananas,Dec,158462.0,4056.0,"Dec, 2016",orange juice,orange,34928.0,22319.0
2016,banana,fresh bananas,Dec,158462.0,4056.0,"Dec, 2016",preserved oranges,orange,1257.0,1315.0
2016,banana,fresh bananas,Dec,158462.0,20757.0,"Dec, 2016",fresh oranges,orange,1689.0,9070.0
2016,banana,fresh bananas,Dec,158462.0,20757.0,"Dec, 2016",orange juice,orange,34928.0,22319.0
2016,banana,fresh bananas,Dec,158462.0,20757.0,"Dec, 2016",preserved oranges,orange,1257.0,1315.0
2015,banana,dried bananas,Dec,947.0,477.0,"Dec, 2015",fresh oranges,orange,2158.0,12345.0
2015,banana,dried bananas,Dec,947.0,477.0,"Dec, 2015",orange juice,orange,35912.0,33137.0
2015,banana,dried bananas,Dec,947.0,477.0,"Dec, 2015",preserved oranges,orange,516.0,386.0
2015,banana,dried bananas,Dec,947.0,807809.0,"Dec, 2015",fresh oranges,orange,2158.0,12345.0
2015,banana,dried bananas,Dec,947.0,807809.0,"Dec, 2015",orange juice,orange,35912.0,33137.0
2015,banana,dried bananas,Dec,947.0,807809.0,"Dec, 2015",preserved oranges,orange,516.0,386.0
2015,banana,fresh bananas,Dec,163769.0,2362.0,"Dec, 2015",fresh oranges,orange,2158.0,12345.0
2015,banana,fresh bananas,Dec,163769.0,2362.0,"Dec, 2015",orange juice,orange,35912.0,33137.0
2015,banana,fresh bananas,Dec,163769.0,2362.0,"Dec, 2015",preserved oranges,orange,516.0,386.0
2015,banana,fresh bananas,Dec,163769.0,17802.0,"Dec, 2015",fresh oranges,orange,2158.0,12345.0
2015,banana,fresh bananas,Dec,163769.0,17802.0,"Dec, 2015",orange juice,orange,35912.0,33137.0
2015,banana,fresh bananas,Dec,163769.0,17802.0,"Dec, 2015",preserved oranges,orange,516.0,386.0
2014,banana,dried bananas,Dec,1180.0,725.0,"Dec, 2014",fresh oranges,orange,1618.0,8673.0
2014,banana,dried bananas,Dec,1180.0,725.0,"Dec, 2014",orange juice,orange,45823.0,35355.0
2014,banana,dried bananas,Dec,1180.0,725.0,"Dec, 2014",preserved oranges,orange,557.0,388.0
2014,banana,dried bananas,Dec,1180.0,863406.0,"Dec, 2014",fresh oranges,orange,1618.0,8673.0
2014,banana,dried bananas,Dec,1180.0,863406.0,"Dec, 2014",orange juice,orange,45823.0,35355.0
2014,banana,dried bananas,Dec,1180.0,863406.0,"Dec, 2014",preserved oranges,orange,557.0,388.0
2014,banana,fresh bananas,Dec,173722.0,2590.0,"Dec, 2014",fresh oranges,orange,1618.0,8673.0
2014,banana,fresh bananas,Dec,173722.0,2590.0,"Dec, 2014",orange juice,orange,45823.0,35355.0
2014,banana,fresh bananas,Dec,173722.0,2590.0,"Dec, 2014",preserved oranges,orange,557.0,388.0
2014,banana,fresh bananas,Dec,173722.0,21862.0,"Dec, 2014",fresh oranges,orange,1618.0,8673.0
2014,banana,fresh bananas,Dec,173722.0,21862.0,"Dec, 2014",orange juice,orange,45823.0,35355.0
2014,banana,fresh bananas,Dec,173722.0,21862.0,"Dec, 2014",preserved oranges,orange,557.0,388.0
